{"cameraMode":{"drawMode":0,"name":"Shaded","section":"Shading Mode"},"sceneLighting":true,"audioPlay":false,"sceneViewState":{"showFog":true,"showMaterialUpdate":false,"showSkybox":true,"showFlares":true,"showImageEffects":true,"showParticleSystems":true},"in2DMode":false,"pivot":{"x":4.285844326019287,"y":6.150513172149658,"z":-1.5436038970947266},"rotation":{"x":-0.3337327539920807,"y":0.5233631730079651,"z":-0.2333499938249588,"w":-0.7485060095787048},"size":5.13505744934082,"orthographic":false}